<?xml version="1.0" encoding="utf-8"?>
<Defs>

	<!--
	<ResearchTabDef>
		<defName>CASCompCamo</defName>
		<label>Camouflage and Stealth</label>
	</ResearchTabDef>
	
	<ResearchProjectDef>
		<defName>CASActiveCamo</defName>
		<label>Active Camouflage</label>
		<description>Grants the ability to make active camouflage items.</description>
		<baseCost>500</baseCost>
		<techLevel>Spacer</techLevel>
		<prerequisites>
			<li>AdvancedFabrication</li>
		</prerequisites>
		<requiredResearchBuilding>HiTechResearchBench</requiredResearchBuilding>
    	<requiredResearchFacilities>
      		<li>MultiAnalyzer</li>
    	</requiredResearchFacilities>
		<tab>CASCompCamo</tab>
	</ResearchProjectDef>
	-->

</Defs>