<?xml version="1.0" encoding="utf-8"?>
<Defs>

	<ThingDef ParentName="MoteBase">
    	<defName>Mote_CASStealth</defName>
    	<thingClass>MoteDualAttached</thingClass>
    	<altitudeLayer>MetaOverlays</altitudeLayer>
    	<mote>
      		<solidTime>1</solidTime>
      		<needsMaintenance>false</needsMaintenance>
    	</mote>
    	<graphicData>
      		<texPath>Things/Special/CamoOverlay/CamoStealth</texPath>
    	</graphicData>
  	</ThingDef>
	
	<ThingDef ParentName="MoteBase">
    	<defName>Mote_CASExcellent</defName>
    	<thingClass>MoteDualAttached</thingClass>
    	<altitudeLayer>MetaOverlays</altitudeLayer>
    	<mote>
      		<solidTime>1</solidTime>
      		<needsMaintenance>false</needsMaintenance>
    	</mote>
    	<graphicData>
      		<texPath>Things/Special/CamoOverlay/CamoExcellent</texPath>
    	</graphicData>
  	</ThingDef>
	
	<ThingDef ParentName="MoteBase">
    	<defName>Mote_CASGood</defName>
    	<thingClass>MoteDualAttached</thingClass>
    	<altitudeLayer>MetaOverlays</altitudeLayer>
    	<mote>
      		<solidTime>1</solidTime>
      		<needsMaintenance>false</needsMaintenance>
    	</mote>
    	<graphicData>
      		<texPath>Things/Special/CamoOverlay/CamoGood</texPath>
    	</graphicData>
  	</ThingDef>
	
	<ThingDef ParentName="MoteBase">
    	<defName>Mote_CASAverage</defName>
    	<thingClass>MoteDualAttached</thingClass>
    	<altitudeLayer>MetaOverlays</altitudeLayer>
    	<mote>
      		<solidTime>1</solidTime>
      		<needsMaintenance>false</needsMaintenance>
    	</mote>
    	<graphicData>
      		<texPath>Things/Special/CamoOverlay/CamoAverage</texPath>
    	</graphicData>
  	</ThingDef>
	
	<ThingDef ParentName="MoteBase">
    	<defName>Mote_CASPoor</defName>
    	<thingClass>MoteDualAttached</thingClass>
    	<altitudeLayer>MetaOverlays</altitudeLayer>
    	<mote>
      		<solidTime>1</solidTime>
      		<needsMaintenance>false</needsMaintenance>
    	</mote>
    	<graphicData>
      		<texPath>Things/Special/CamoOverlay/CamoPoor</texPath>
    	</graphicData>
  	</ThingDef>

</Defs>