<?xml version="1.0" encoding="utf-8" ?>
<Patch>
	
	<Operation Class="PatchOperationFindMod">
		<mods>
			<li>[CP] Metal Gear Solid (1.0)</li>
			<li>[RH] Faction: Militaires Sans Frontieres (1.0)</li>
		</mods>
		<match Class="PatchOperationSequence">
		<success>Always</success>
		<operations>
			<li Class="PatchOperationAdd">
				<xpath>/Defs</xpath>
    			<value>
					<ApparelLayerDef>
						<defName>BoxCamo</defName>
						<label>Box</label>
						<drawOrder>499</drawOrder>
					</ApparelLayerDef>
    			</value>
			</li>
			<li Class="PatchOperationAdd">
				<xpath>/Defs</xpath>
				<value>
					<ThingDef ParentName="ApparelBase">
    					<defName>CamoBoxCamo</defName>
    					<label>Cardboard Box</label>
    					<description>A cardboard box, big enough to potentially hide in.</description>
						<techLevel>Industrial</techLevel>
    					<graphicData>
      						<texPath>Things/Item/CardBoardBox/SSBox</texPath>
      						<graphicClass>Graphic_Single</graphicClass>
    					</graphicData>
						<drawGUIOverlay>true</drawGUIOverlay>
						<thingClass>StealthBox.CardboardBox</thingClass>
						<tickerType>Normal</tickerType>
    					<statBases>
							<WorkToMake>800</WorkToMake>
      						<MarketValue>13.1</MarketValue>
							<MaxHitPoints>10</MaxHitPoints>
      						<Flammability>1.5</Flammability>
      						<DeteriorationRate>2.5</DeteriorationRate>
							<Beauty>-1</Beauty>
							<SellPriceFactor>0.5</SellPriceFactor>
							<Mass>0.25</Mass>
    					</statBases>
						<equippedStatOffsets>
      						<MoveSpeed>-0.5</MoveSpeed>
	  						<MeleeHitChance>-0.10</MeleeHitChance>
	  						<MeleeDodgeChance>-0.20</MeleeDodgeChance>
							<AimingDelayFactor>1.25</AimingDelayFactor>
							<ShootingAccuracyPawn>-0.10</ShootingAccuracyPawn>
							<WorkSpeedGlobal>-0.20</WorkSpeedGlobal>
    					</equippedStatOffsets>
						<generateCommonality>0</generateCommonality>
						<category>Item</category>
						<altitudeLayer>Item</altitudeLayer>
						<alwaysHaulable>True</alwaysHaulable>
						<apparel>
							<careIfWornByCorpse>false</careIfWornByCorpse>
							<bodyPartGroups>
								<li>Waist</li>
							</bodyPartGroups>
							<layers>
								<li>BoxCamo</li>
							</layers>
							<tags>
								<li>CamoBox</li>
							</tags>
						</apparel>
    					<comps>
							<li Class="CompCamo.CompProperties_GearCamo">
								<ArcticCamoEff>1.0</ArcticCamoEff>
        						<DesertCamoEff>1.0</DesertCamoEff>
        						<JungleCamoEff>1.0</JungleCamoEff>
        						<StoneCamoEff>1.0</StoneCamoEff>
        						<WoodlandCamoEff>1.0</WoodlandCamoEff>
        						<UrbanCamoEff>1.0</UrbanCamoEff>
							</li>
    					</comps>
						<thingCategories Inherit="false">
							<li>Apparel</li>
    					</thingCategories>
						<recipeMaker>
							<workSpeedStat>SmithingSpeed</workSpeedStat>
							<workSkill>Crafting</workSkill>
							<effectWorking>Cremate</effectWorking>
							<soundWorking>Recipe_Cremate</soundWorking>
							<recipeUsers>
								<li>BiofuelRefinery</li>
							</recipeUsers>
							<unfinishedThingDef>UnfinishedApparel</unfinishedThingDef>
	  						<researchPrerequisite>BiofuelRefining</researchPrerequisite>
							<skillRequirements>
        						<Crafting>5</Crafting>
      						</skillRequirements>
						</recipeMaker>
						<costList>
							<Cloth>4</Cloth>
							<WoodLog>4</WoodLog>
							<Chemfuel>1</Chemfuel>
						</costList>
  					</ThingDef>
				</value>
			</li>
		</operations>
		</match>
	</Operation>
	
</Patch>